SL.No.,ROOT INSTANCE NAME,CITY,COUNTRY CODE,,,
1,A, Amsterdam,NL,,,
2,A, Amsterdam,NL,,,
3,A, Amsterdam,NL,,,
4,A, Amsterdam,NL,,,
5,A, Amsterdam,NL,,,
6,A, Ashburn,US,,,
7,A, Ashburn,US,,,
8,A, Ashburn,US,,,
9,A, Ashburn,US,,,
10,A, Chicago,US,,,
11,A, Chicago,US,,,
12,A, Frankfurt,DE,,,
13,A, Frankfurt,DE,,,
14,A, Frankfurt,DE,,,
15,A, Frankfurt,DE,,,
16,A, Frankfurt,DE,,,
17,A, Guangzhou,CN,,,
18,A, London,GB,,,
19,A, London,GB,,,
20,A, London,GB,,,
21,A, London,GB,,,
22,A, Los Angeles,US,,,
23,A, Los Angeles,US,,,
24,A, Los Angeles,US,,,
25,A, Los Angeles,US,,,
26,A, Los Angeles,US,,,
27,A, Manassas,US,,,
28,A, Marseille,FR,,,
29,A, Marseille,FR,,,
30,A, Miami,US,,,
31,A, Miami,US,,,
32,A, Miami,US,,,
33,A, New York,US,,,
34,A, New York,US,,,
35,A, New York,US,,,
36,A, Paris,FR,,,
37,A, Paris,FR,,,
38,A, Plano,US,,,
39,A, Plano,US,,,
40,A, Plano,US,,,
41,A, Plano,US,,,
42,A, Reston,US,,,
43,A, San Jose,US,,,
44,A, San Jose,US,,,
45,A, San Jose,US,,,
46,A, San Jose,US,,,
47,A, Seattle,US,,,
48,A, Seattle,US,,,
49,A, Seattle,US,,,
50,A, Singapore,SG,,,
51,A, Singapore,SG,,,
52,A, Singapore,SG,,,
53,A, Stockholm,SE,,,
54,A, Stockholm,SE,,,
55,A, Stockholm,SE,,,
56,A, Tokyo,JP,,,
57,A, Tokyo,JP,,,
58,A, Tokyo,JP,,,
59,A, Washington DC,US,,,
60,B, Amsterdam,NL,,,
61,B, Los Angeles,US,,,
62,B, Miami,US,,,
63,B, Reston,US,,,
64,B, Santiago,CL,,,
65,B, Singapore,SG,,,
66,C, Bratislava,SK,,,
67,C, Chicago,US,,,
68,C, Frankfurt,DE,,,
69,C, Herndon,US,,,
70,C, Los Angeles,US,,,
71,C, Madrid,ES,,,
72,C, New York,US,,,
73,C, Paris,FR,,,
74,C, Queretaro,MX,,,
75,C, Rio de Janeiro,BR,,,
76,C, Singapore,SG,,,
77,C, Tokyo,JP,,,
78,D, Abidjan,CI,,,
79,D, Accra,GH,,,
80,D, Amsterdam,NL,,,
81,D, Aqaba,JO,,,
82,D, Arica,CL,,,
83,D, Arusha,TZ,,,
84,D, Ashburn,US,,,
85,D, Asuncion,PY,,,
86,D, Athens,GR,,,
87,D, Atlanta,US,,,
88,D, Auckland,NZ,,,
89,D, Avers,CH,,,
90,D, Baltimore,US,,,
91,D, Bamako,ML,,,
92,D, Bangalore,IN,,,
93,D, Bangkok,TH,,,
94,D, Bangor,US,,,
95,D, Banjul,GM,,,
96,D, Barcelona,ES,,,
97,D, Beirut,LB,,,
98,D, Belgrade,RS,,,
99,D, Berlin,DE,,,
100,D, Beverly,US,,,
101,D, Blantyre,MW,,,
102,D, Bobo-Dioulasso,BF,,,
103,D, Bogota,CO,,,
104,D, Borneo,BN,,,
105,D, Boston,US,,,
106,D, Brazzaville,CG,,,
107,D, Bucharest,RO,,,
108,D, Buenos Aires,AR,,,
109,D, Bujumbura,BI,,,
110,D, Burbank,US,,,
111,D, Calgary,CA,,,
112,D, Canton,US,,,
113,D, Cape Town,ZA,,,
114,D, Castries,LC,,,
115,D, Chaing Mai,TH,,,
116,D, Chennai,IN,,,
117,D, Chicago,US,,,
118,D, College Park,US,,,
119,D, Colombo,LK,,,
120,D, Columbus,US,,,
121,D, Conakry,GN,,,
122,D, Cotonou,BJ,,,
123,D, Dakar,SN,,,
124,D, Dallas,US,,,
125,D, Dallas,US,,,
126,D, Dar es Salaam,TZ,,,
127,D, Davenport,US,,,
128,D, Delhi,IN,,,
129,D, Denver,US,,,
130,D, Detroit,US,,,
131,D, Dhaka,BD,,,
132,D, Djibouti,DJ,,,
133,D, Dodoma,TZ,,,
134,D, Dortmund,DE,,,
135,D, Douala,CM,,,
136,D, Dubai,AE,,,
137,D, Dublin,IE,,,
138,D, Durban,ZA,,,
139,D, Edinburgh,GB,,,
140,D, Feldkirch,AT,,,
141,D, Frankfurt,DE,,,
142,D, Frankfurt,DE,,,
143,D, Gaza,PS,,,
144,D, Geneva,CH,,,
145,D, Gqeberha,ZA,,,
146,D, Guatemala City,GT,,,
147,D, Guayaquil,EC,,,
148,D, Halifax,CA,,,
149,D, Hamburg,DE,,,
150,D, Harare,ZW,,,
151,D, Hong Kong,CN,,,
152,D, Hyderabad,IN,,,
153,D, Istanbul,TR,,,
154,D, Jacksonville,US,,,
155,D, Jakarta,ID,,,
156,D, Johannesburg,ZA,,,
157,D, Johore Bahru,MY,,,
158,D, Kabul,AF,,,
159,D, Kampala,UG,,,
160,D, Kansas City,US,,,
161,D, Kathmandu,NP,,,
162,D, Khartoum,SD,,,
163,D, Kiev,UA,,,
164,D, Kigali City,RW,,,
165,D, Kingston,JM,,,
166,D, Kinshasa,CG,,,
167,D, Klagenfurt,AT,,,
168,D, Kolkata,IN,,,
169,D, Kuala,MY,,,
170,D, Kuala Lumpur,MY,,,
171,D, Kuwait City,KW,,,
172,D, Lagos,NG,,,
173,D, Lagos State,NG,,,
174,D, La Paz,BO,,,
175,D, Lausanne,CH,,,
176,D, Leeds,GB,,,
177,D, Libreville,GA,,,
178,D, Lima,PE,,,
179,D, Lisbon,PT,,,
180,D, Lome,TG,,,
181,D, London,GB,,,
182,D, Los Angeles,US,,,
183,D, Luanda,AO,,,
184,D, Lubumbashi,CD,,,
185,D, Lusaka,ZM,,,
186,D, Luxembourg City,LU,,,
187,D, Lyon,FR,,,
188,D, Madrid,ES,,,
189,D, Male,MV,,,
190,D, Manama,BH,,,
191,D, Manchester,GB,,,
192,D, Manila,PH,,,
193,D, Maputo,MZ,,,
194,D, Marseille,FR,,,
195,D, Mclean,US,,,
196,D, Mexico City,MX,,,
197,D, Miami,US,,,
198,D, Milwaukee,US,,,
199,D, Minneapolis,US,,,
200,D, Mogadishu,SO,,,
201,D, Mombasa,KE,,,
202,D, Moncton,CA,,,
203,D, Monrovia,LR,,,
204,D, Montgomery,US,,,
205,D, Montreal,CA,,,
206,D, Mumbai,IN,,,
207,D, Nairobi,KE,,,
208,D, N Djamena,TD,,,
209,D, New York,US,,,
210,D, Oslo,NO,,,
211,D, Ottawa,CA,,,
212,D, Ouagadougou,BF,,,
213,D, Palo Alto,US,,,
214,D, Panama City,PA,,,
215,D, Paramaribo,SR,,,
216,D, Paris,FR,,,
217,D, Paro,BT,,,
218,D, Perth,AU,,,
219,D, Phnom Penh,KH,,,
220,D, Phoenix,US,,,
221,D, Ponta Grossa,BR,,,
222,D, Port Au Prince,HT,,,
223,D, Portland,US,,,
224,D, Port Louis,MU,,,
225,D, Port of Spain,TT,,,
226,D, Posadus,AR,,,
227,D, Prague,CZ,,,
228,D, Ramallah,PS,,,
229,D, Reno,US,,,
230,D, Reykjavik,IS,,,
231,D, Richmond,US,,,
232,D, Riga,LV,,,
233,D, Riverdale,US,,,
234,D, Riyadh,SA,,,
235,D, Road Town,VG,,,
236,D, Rome,IT,,,
237,D, Rosario,AR,,,
238,D, Roseau,DM,,,
239,D, Saldanha Bay,ZA,,,
240,D, Salt Lake City,US,,,
241,D, Salzburg,AT,,,
242,D, San Francisco,US,,,
243,D, San Jose,US,,,
244,D, San Jose,CR,,,
245,D, San Juan,US,,,
246,D, San Pedro Sula,HN,,,
247,D, Santiago,CL,,,
248,D, Sarajevo,BA,,,
249,D, Saskatoon,CA,,,
250,D, Seattle,US,,,
251,D, Semey City,KZ,,,
252,D, Seoul,KR,,,
253,D, Siegerland,DE,,,
254,D, Singapore,SG,,,
255,D, Skopje,MK,,,
256,D, Sofia,BG,,,
257,D, St Barthelemy,BL,,,
258,D, St George,US,,,
259,D, St Georges,GD,,,
260,D, St Louis,US,,,
261,D, Stockholm,SE,,,
262,D, Stuttgart,DE,,,
263,D, Sydney,AU,,,
264,D, Taipei,TW,,,
265,D, Tallinn,EE,,,
266,D, Tampa,US,,,
267,D, Tampere,FI,,,
268,D, Tashkent,UZ,,,
269,D, Tegucigalpa,HN,,,
270,D, Tel Aviv,IL,,,
271,D, Tirana,AL,,,
272,D, Tokyo,JP,,,
273,D, Toronto,CA,,,
274,D, Trondheim,NO,,,
275,D, Tunis,TN,,,
276,D, Turin,IT,,,
277,D, Vienna,AT,,,
278,D, Warsaw,PL,,,
279,D, Wellington,NZ,,,
280,D, Windhoek,NA,,,
281,D, Winnipeg,CA,,,
282,D, Yangon,MM,,,
283,D, Yerevan,AM,,,
284,D, Yogyakarta,ID,,,
285,D, Zagreb,HR,,,
286,D, Zurich,CH,,,
287,D, Auckland,NZ,,,
288,D, Baltimore,US,,,
289,D, Beirut,LB,,,
290,D, Berlin,DE,,,
291,D, Dhaka,BD,,,
292,D, Hong Kong,CN,,,
293,D, Jakarta,ID,,,
294,D, Luanda,AO,,,
295,D, Taipei,TW,,,
296,D, Zurich,CH,,,
297,D, Zurich,CH,,,
298,E, Accra,GH,,,
299,E, Adelaide,AU,,,
300,E, Amsterdam,NL,,,
301,E, Amsterdam,NL,,,
302,E, Antananarivo,MG,,,
303,E, Arica,CL,,,
304,E, Arica,CL,,,
305,E, Arusha,TZ,,,
306,E, Ashburn,US,,,
307,E, Asuncion,PY,,,
308,E, Athens,GR,,,
309,E, Atlanta,US,,,
310,E, Atlanta,US,,,
311,E, Atlanta,US,,,
312,E, Auckland,NZ,,,
313,E, Auckland,NZ,,,
314,E, Baghdad,IQ,,,
315,E, Baltimore,US,,,
316,E, Bamako,ML,,,
317,E, Bangkok,TH,,,
318,E, Banjul,GM,,,
319,E, Barcelona,ES,,,
320,E, Barcelona,ES,,,
321,E, Beirut,LB,,,
322,E, Beirut,LB,,,
323,E, Belgrade,RS,,,
324,E, Belgrade,RS,,,
325,E, Belgrade,RS,,,
326,E, Berlin,DE,,,
327,E, Berlin,DE,,,
328,E, Beverly,US,,,
329,E, Blantyre,MW,,,
330,E, Bobo Dioulasso,BF,,,
331,E, Bogota,CO,,,
332,E, Boston,US,,,
333,E, Boston,US,,,
334,E, Brazzaville,CD,,,
335,E, Brisbane,AU,,,
336,E, Brussels,BE,,,
337,E, Bucharest,RO,,,
338,E, Bucharest,RO,,,
339,E, Budapest,HU,,,
340,E, Buenos Aires,AR,,,
341,E, Buenos Aires,AR,,,
342,E, Buenos Aires,AR,,,
343,E, Buffalo,US,,,
344,E, Bujumbura,BI,,,
345,E, Burbank,US,,,
346,E, Cadjehoun,BJ,,,
347,E, Calgary,CA,,,
348,E, Calgary,CA,,,
349,E, Cameroon,CM,,,
350,E, Canton,US,,,
351,E, Cape Town,ZA,,,
352,E, Cape Town,ZA,,,
353,E, Casablanca,MA,,,
354,E, Castries,LC,,,
355,E, Cebu,PH,,,
356,E, Charlotte,US,,,
357,E, Chennai,IN,,,
358,E, Chicago,US,,,
359,E, Chicago,US,,,
360,E, Chicago,US,,,
361,E, Chittagong,BD,,,
362,E, Colombo,LK,,,
363,E, Colombo,LK,,,
364,E, Columbus,US,,,
365,E, Conakry,GN,,,
366,E, Copenhagen,DK,,,
367,E, Cork,IE,,,
368,E, Curitiba,BR,,,
369,E, Dakar,SN,,,
370,E, Dakar,SN,,,
371,E, Dallas,US,,,
372,E, Dallas,US,,,
373,E, Dar es Salaam,TZ,,,
374,E, Dar Es Salaam,TZ,,,
375,E, Davenport,US,,,
376,E, Denver,US,,,
377,E, Denver,US,,,
378,E, Denver,US,,,
379,E, Detroit,US,,,
380,E, Dhaka,BD,,,
381,E, Djibouti,DJ,,,
382,E, Dodoma,TZ,,,
383,E, Doha,QA,,,
384,E, Dortmund,DE,,,
385,E, Dubai,AE,,,
386,E, Dubai,AE,,,
387,E, Dublin,IE,,,
388,E, Dublin,IE,,,
389,E, Durban,ZA,,,
390,E, Durban,ZA,,,
391,E, Edinburgh,GB,,,
392,E, Enfidha,TN,,,
393,E, Feldkirch,AU,,,
394,E, Fortaleza,BR,,,
395,E, Frankfurt,DE,,,
396,E, Frankfurt,DE,,,
397,E, Geneva,CH,,,
398,E, Gothenburg,SE,,,
399,E, Guatemala City,GT,,,
400,E, Guayaquil,EC,,,
401,E, Halifax,CA,,,
402,E, Hamburg,DE,,,
403,E, Harare,ZW,,,
404,E, Helsinki,FI,,,
405,E, Hong Kong,HK,,,
406,E, Honolulu,US,,,
407,E, Houston,US,,,
408,E, Hyderabad,IN,,,
409,E, Indianapolis,US,,,
410,E, Istanbul,TR,,,
411,E, Istanbul,TR,,,
412,E, Jacksonville,US,,,
413,E, Jacksonville,US,,,
414,E, Jakarta,ID,,,
415,E, Jakarta,ID,,,
416,E, Johannesburg,ZA,,,
417,E, Johannesburg,ZA,,,
418,E, Johor Bahru,MY,,,
419,E, Johor Bahru,MY,,,
420,E, Kabul,AF,,,
421,E, Kampala,UG,,,
422,E, Kansas City,US,,,
423,E, Kansas City,US,,,
424,E, Kathmandu,NP,,,
425,E, Kathmandu,NP,,,
426,E, Khartoum,SD,,,
427,E, Kigali,RW,,,
428,E, Kigali,RW,,,
429,E, Kingston,JM,,,
430,E, Kinshasa,CD,,,
431,E, Klagenfurt,AT,,,
432,E, Kuala Lumpur,MY,,,
433,E, Kuala Lumpur,MY,,,
434,E, Kuwait City,KW,,,
435,E, Kyiv,UA,,,
436,E, Lagos,NG,,,
437,E, Lagos,NG,,,
438,E, La Paz,BO,,,
439,E, Las Vegas,US,,,
440,E, Lausanne,CH,,,
441,E, Leeds,GB,,,
442,E, Libreville,GA,,,
443,E, Lima,PE,,,
444,E, Lisbon,PT,,,
445,E, Lisbon,PT,,,
446,E, Lome,TG,,,
447,E, London,GB,,,
448,E, London,GB,,,
449,E, Los Angeles,US,,,
450,E, Luanda,AO,,,
451,E, Luanda,AO,,,
452,E, Lumbashi,CD,,,
453,E, Luxembourg City,LU,,,
454,E, Lyon,FR,,,
455,E, Macau,MO,,,
456,E, Madrid,ES,,,
457,E, Madrid,ES,,,
458,E, Maine,US,,,
459,E, Malaga,ES,,,
460,E, Manama,BH,,,
461,E, Manchester,GB,,,
462,E, Manchester,GB,,,
463,E, Manila,PH,,,
464,E, Manila,PH,,,
465,E, Maputo,MZ,,,
466,E, Maputo,MZ,,,
467,E, Mar Del Plata,AR,,,
468,E, Marseille,FR,,,
469,E, Marseille,FR,,,
470,E, McAllen,US,,,
471,E, Medellin,CO,,,
472,E, Melbourne,AU,,,
473,E, Memphis,US,,,
474,E, Mexico City,MX,,,
475,E, Mexico City,MX,,,
476,E, Miami,US,,,
477,E, Miami,US,,,
478,E, Milan,IT,,,
479,E, Minneapolis,US,,,
480,E, Mogadishu,SO,,,
481,E, Mombasa,KE,,,
482,E, Mombasa,KE,,,
483,E, Moncton,CA,,,
484,E, Monrovia,LR,,,
485,E, Montgomery,US,,,
486,E, Montgomery,US,,,
487,E, Montreal,CA,,,
488,E, Montreal,CA,,,
489,E, Moscow,RU,,,
490,E, Mountain View,US,,,
491,E, Mumbai,IN,,,
492,E, Mumbai,IN,,,
493,E, Munich,DE,,,
494,E, Muscat,OM,,,
495,E, Nagpur,IN,,,
496,E, Nairobi,KE,,,
497,E, Nashville,US,,,
498,E, N'Djamena,TD,,,
499,E, Newark,US,,,
500,E, Newark,US,,,
501,E, New Delhi,IN,,,
502,E, New York,US,,,
503,E, Norfolk,US,,,
504,E, Noumea,NC,,,
505,E, Omaha,US,,,
506,E, Osaka,JP,,,
507,E, Oslo,NO,,,
508,E, Ouagadougou,BF,,,
509,E, Palo Alto,US,,,
510,E, Panama City,PA,,,
511,E, Paramaribo,SR,,,
512,E, Paris,FR,,,
513,E, Paris,FR,,,
514,E, Paro,BT,,,
515,E, Perth,AU,,,
516,E, Perth,AU,,,
517,E, Philadelphia,US,,,
518,E, Phnom Penh,KH,,,
519,E, Phnom Penh,KH,,,
520,E, Phoenix,US,,,
521,E, Phoenix,US,,,
522,E, Pittsburgh,US,,,
523,E, Ponta Grossa,BR,,,
524,E, Port au Prince,HT,,,
525,E, Portland,US,,,
526,E, Portland,US,,,
527,E, Port Louis,MU,,,
528,E, Port Louis,MU,,,
529,E, Porto Alegre,BR,,,
530,E, Port of Spain,TT,,,
531,E, Port Vila,VU,,,
532,E, Posadas,AR,,,
533,E, Prague,CZ,,,
534,E, Prague,CZ,,,
535,E, Queretaro,MX,,,
536,E, Ramallah,PS,,,
537,E, Ramallah,PS,,,
538,E, Rene Mouawad,LB,,,
539,E, Reno,US,,,
540,E, Reykjavik,IS,,,
541,E, Richmond,US,,,
542,E, Richmond,US,,,
543,E, Riga,LV,,,
544,E, Rio De Janeiro,BR,,,
545,E, Riyadh,SA,,,
546,E, Rome,IT,,,
547,E, Rosario,AR,,,
548,E, Sacramento,US,,,
549,E, Saint Barthelemy,BL,,,
550,E, Saint-Denis,RE,,,
551,E, Saint George,US,,,
552,E, Saldanha,ZA,,,
553,E, Salt Lake City,US,,,
554,E, San Diego,US,,,
555,E, San Francisco,US,,,
556,E, San Francisco,US,,,
557,E, San Jose,US,,,
558,E, San Jose,CR,,,
559,E, San Juan,PR,,,
560,E, Santa Ana,US,,,
561,E, Santiago,CL,,,
562,E, Santiago,CL,,,
563,E, Saskatoon,CA,,,
564,E, Saskatoon,CA,,,
565,E, Seattle,US,,,
566,E, Seattle,US,,,
567,E, Semey,KZ,,,
568,E, Seoul,KR,,,
569,E, Seoul,ZA,,,
570,E, Siegerland,DE,,,
571,E, Singapore,SG,,,
572,E, Singapore,SG,,,
573,E, Skopje,MK,,,
574,E, Sofia,BG,,,
575,E, Sofia,BG,,,
576,E, St. George's,GD,,,
577,E, St. George's,GD,,,
578,E, St. Louis,US,,,
579,E, St. Louis,US,,,
580,E, Stockholm,SE,,,
581,E, Stuttgart,DE,,,
582,E, Sumbe,AO,,,
583,E, Sydney,AU,,,
584,E, Sydney,AU,,,
585,E, Taipei,TW,,,
586,E, Tallahassee,US,,,
587,E, Tallinn,EE,,,
588,E, Tallinn,EE,,,
589,E, Tampa,US,,,
590,E, Tampa,US,,,
591,E, Tampere,FI,,,
592,E, Tashkent,UZ,,,
593,E, Tegucigalpa,HN,,,
594,E, Tegucigalpa,HN,,,
595,E, Tel Aviv,IL,,,
596,E, Tel Aviv,IL,,,
597,E, Thessaloniki,GR,,,
598,E, Tirana,AL,,,
599,E, Tokyo,JP,,,
600,E, Tokyo,JP,,,
601,E, Toronto,CA,,,
602,E, Toronto,CA,,,
603,E, Trondheim,NO,,,
604,E, Tunis,TN,,,
605,E, Turin,IT,,,
606,E, Ulaanbaatar,MN,,,
607,E, Vancouver,CA,,,
608,E, Vienna,AT,,,
609,E, Vienna,AT,,,
610,E, Vilnius,LT,,,
611,E, Vilnius,LT,,,
612,E, Warsaw,PL,,,
613,E, Warsaw,PL,,,
614,E, Washington,US,,,
615,E, Wellington,NZ,,,
616,E, Willemstad,CW,,,
617,E, Windhoek,NA,,,
618,E, Winnipeg,CA,,,
619,E, Winnipeg,CA,,,
620,E, Yangon,MM,,,
621,E, Yerevan,AM,,,
622,E, Yerevan,AM,,,
623,E, Zagreb,HR,,,
624,E, Zurich,CH,,,
625,E, Zurich,CH,,,
626,E, Auckland,NZ,,,
627,E, Baltimore,US,,,
628,E, Bangkok,TH,,,
629,E, Bangkok,TH,,,
630,E, Bangkok,TH,,,
631,E, Bangkok,TH,,,
632,E, Buenos Aires,AR,,,
633,E, Chennai,IN,,,
634,E, Chittagong,BD,,,
635,E, Colombo,LK,,,
636,E, Dallas,US,,,
637,E, Frankfurt,DE,,,
638,E, Hong Kong,CN,,,
639,E, Istanbul,TR,,,
640,E, Kuala Lumpur,MY,,,
641,E, Kuwait City,KW,,,
642,E, La Paz,BO,,,
643,E, Lagos,NG,,,
644,E, Manila,PH,,,
645,E, Manila,PH,,,
646,E, Manila,PH,,,
647,E, Mumbai,IN,,,
648,E, Mumbai,IN,,,
649,E, Mumbai,IN,,,
650,E, Santiago,CL,,,
651,E, Santiago,CL,,,
652,E, Ulaanbaatar,MN,,,
653,F, Accra,GH,,,
654,F, Adelaide,AU,,,
655,F, Ahmedabad,IN,,,
656,F, Albuquerque,US,,,
657,F, Albuquerque,US,,,
658,F, Algiers,DZ,,,
659,F, Almaty,KZ,,,
660,F, Americana,BR,,,
661,F, Amman,JO,,,
662,F, Amsterdam,NL,,,
663,F, Amsterdam,NL,,,
664,F, Antananarivo,MG,,,
665,F, Arica,CL,,,
666,F, Ashburn,US,,,
667,F, Asuncion,PY,,,
668,F, Athens,GR,,,
669,F, Atlanta,US,,,
670,F, Atlanta,US,,,
671,F, Auckland,NZ,,,
672,F, Auckland,NZ,,,
673,F, Austin,US,,,
674,F, Baghdad,IQ,,,
675,F, Baku,AZ,,,
676,F, Bandar Seri Begawan,BN,,,
677,F, Bangalore,IN,,,
678,F, Bangkok,TH,,,
679,F, Bangor,US,,,
680,F, Barcelona,ES,,,
681,F, Barcelona,ES,,,
682,F, Basra,IQ,,,
683,F, Beijing,CN,,,
684,F, Beirut,LB,,,
685,F, Belem,BR,,,
686,F, Belgrade,RS,,,
687,F, Belo Horizonte,BR,,,
688,F, Berlin,DE,,,
689,F, Berlin,DE,,,
690,F, Bhubaneswar,IN,,,
691,F, Blumenau,BR,,,
692,F, Bogota,CO,,,
693,F, Bordeaux,FR,,,
694,F, Boston,US,,,
695,F, Boston,US,,,
696,F, Brasilia,BR,,,
697,F, Bratislava,SK,,,
698,F, Bridgetown,BB,,,
699,F, Brisbane,AU,,,
700,F, Brisbane,AU,,,
701,F, Brussels,BE,,,
702,F, Bucharest,RO,,,
703,F, Bucharest,RO,,,
704,F, Budapest,HU,,,
705,F, Buenos Aires,AR,,,
706,F, Cacador,BR,,,
707,F, Cagayan de Oro,PH,,,
708,F, Cairo,EG,,,
709,F, Calgary,CA,,,
710,F, Campinas,BR,,,
711,F, Canberra,AU,,,
712,F, Cape Town,ZA,,,
713,F, Casablanca,MA,,,
714,F, Cebu,PH,,,
715,F, Chandigarh,IN,,,
716,F, Charlotte,US,,,
717,F, Charlotte,US,,,
718,F, Chennai,IN,,,
719,F, Chiang Mai,TH,,,
720,F, Chicago,US,,,
721,F, Chicago,US,,,
722,F, Chisinau,MD,,,
723,F, Chittagong,BD,,,
724,F, Chongqing,CN,,,
725,F, Christchurch,NZ,,,
726,F, Cleveland,US,,,
727,F, Colombo,LK,,,
728,F, Columbus,US,,,
729,F, Copenhagen,DK,,,
730,F, Cordoba,AR,,,
731,F, Cork,IE,,,
732,F, Cuiaba,BR,,,
733,F, Curitiba,BR,,,
734,F, Dakar,SN,,,
735,F, Dallas,US,,,
736,F, Dallas,US,,,
737,F, Dammam,SA,,,
738,F, Da Nang,VN,,,
739,F, Denpasar,ID,,,
740,F, Denpasar,ID,,,
741,F, Denver,US,,,
742,F, Denver,US,,,
743,F, Detroit,US,,,
744,F, Dhaka,BD,,,
745,F, Djibouti,DJ,,,
746,F, Doha,QA,,,
747,F, Douala,CM,,,
748,F, Dubai,AE,,,
749,F, Dublin,IE,,,
750,F, Durban,ZA,,,
751,F, Durham,US,,,
752,F, Dusseldorf,DE,,,
753,F, Edinburgh,GB,,,
754,F, Erbil,IQ,,,
755,F, Florianopolis,BR,,,
756,F, Fortaleza,BR,,,
757,F, Fortaleza,BR,,,
758,F, Frankfurt,DE,,,
759,F, Frankfurt,DE,,,
760,F, Fukuoka,JP,,,
761,F, Gaborone,BW,,,
762,F, Geneva,CH,,,
763,F, Georgetown,GY,,,
764,F, Goiania,BR,,,
765,F, Gothenburg,SE,,,
766,F, Guadalajara,MX,,,
767,F, Guatemala City,GT,,,
768,F, Guayaquil,EC,,,
769,F, Hagatna,GU,,,
770,F, Haifa,IL,,,
771,F, Hamburg,DE,,,
772,F, Hangzhou,CN,,,
773,F, Hanoi,VN,,,
774,F, Hanoi,VN,,,
775,F, Harare,ZW,,,
776,F, Helsinki,FI,,,
777,F, Hobart,AU,,,
778,F, Ho Chi Min City,VN,,,
779,F, Ho Chi Minh City,VN,,,
780,F, Hong Kong,HK,,,
781,F, Hong Kong,HK,,,
782,F, Honolulu,US,,,
783,F, Houston,US,,,
784,F, Hyderabad,IN,,,
785,F, Incheon,KR,,,
786,F, Indianapolis,US,,,
787,F, Islamabad,PK,,,
788,F, Istanbul,TR,,,
789,F, Itajai,BR,,,
790,F, Izmir,TR,,,
791,F, Jacksonville,US,,,
792,F, Jakarta,ID,,,
793,F, Jakarta,ID,,,
794,F, Jeddah,SA,,,
795,F, Johannesburg,ZA,,,
796,F, Johannesburg,ZA,,,
797,F, Johor Bahru,MY,,,
798,F, Joinville,BR,,,
799,F, Juazeiro do Norte,BR,,,
800,F, Kannur,IN,,,
801,F, Kanpur,IN,,,
802,F, Kansas City,US,,,
803,F, Kaohsiung City,TW,,,
804,F, Karachi,PK,,,
805,F, Kathmandu,NP,,,
806,F, Kaunas,LT,,,
807,F, Khabarovsk,RU,,,
808,F, Kigali,RW,,,
809,F, Kingston,JM,,,
810,F, Kinshasa,CD,,,
811,F, Kochi,IN,,,
812,F, Kolkata,IN,,,
813,F, Kolkata,IN,,,
814,F, Krasnoyarsk,RU,,,
815,F, Kuala Lumpur,MY,,,
816,F, Kuala Lumpur,MY,,,
817,F, Kuwait City,KW,,,
818,F, Kyiv,UA,,,
819,F, Kyiv,UA,,,
820,F, Lagos,NG,,,
821,F, Lahore,PK,,,
822,F, La Paz,BO,,,
823,F, Las Vegas,US,,,
824,F, Las Vegas,US,,,
825,F, Lima,PE,,,
826,F, Lisbon,PT,,,
827,F, Lisbon,PT,,,
828,F, London,GB,,,
829,F, London,GB,,,
830,F, Los Angeles,US,,,
831,F, Los Angeles,US,,,
832,F, Luanda,AO,,,
833,F, Luanda,AO,,,
834,F, Luxembourg,LU,,,
835,F, Luxembourg City,LU,,,
836,F, Lyon,FR,,,
837,F, Macau,MO,,,
838,F, Madrid,ES,,,
839,F, Madrid,ES,,,
840,F, Male,MV,,,
841,F, Manama,BH,,,
842,F, Manaus,BR,,,
843,F, Manchester,GB,,,
844,F, Mandalay,MM,,,
845,F, Manila,PH,,,
846,F, Maputo,MZ,,,
847,F, Marseille,FR,,,
848,F, McAllen,US,,,
849,F, Medellin,CO,,,
850,F, Melbourne,AU,,,
851,F, Memphis,US,,,
852,F, Mexico City,MX,,,
853,F, Miami,US,,,
854,F, Milan,IT,,,
855,F, Minneapolis,US,,,
856,F, Minsk,BY,,,
857,F, Mogadishu,SO,,,
858,F, Mombasa,KE,,,
859,F, Monterrey,MX,,,
860,F, Montevideo,UY,,,
861,F, Montgomery,US,,,
862,F, Montreal,CA,,,
863,F, Moscow,RU,,,
864,F, Moscow,RU,,,
865,F, Mumbai,IN,,,
866,F, Munich,DE,,,
867,F, Muscat,OM,,,
868,F, Nagpur,IN,,,
869,F, Naha,JP,,,
870,F, Nairobi,KE,,,
871,F, Najaf,IQ,,,
872,F, Nanning Wuxu,CN,,,
873,F, Nashville,US,,,
874,F, Neuquen,AR,,,
875,F, Newark,US,,,
876,F, New Delhi,IN,,,
877,F, New York,US,,,
878,F, Nicosia,CY,,,
879,F, Norfolk,US,,,
880,F, Noumea,NC,,,
881,F, Oakland,US,,,
882,F, Oklahoma City,US,,,
883,F, Omaha,US,,,
884,F, Oran,DZ,,,
885,F, Osaka,JP,,,
886,F, Osaka,JP,,,
887,F, Oslo,NO,,,
888,F, Oslo,NO,,,
889,F, Ottawa,CA,,,
890,F, Ouagadougou,BF,,,
891,F, Paducah,US,,,
892,F, Palermo,IT,,,
893,F, Panama City,PA,,,
894,F, Paramaribo,SR,,,
895,F, Paris,FR,,,
896,F, Patna,IN,,,
897,F, Perth,AU,,,
898,F, Philadelphia,US,,,
899,F, Phnom Penh,KH,,,
900,F, Phnom Penh,KH,,,
901,F, Phoenix,US,,,
902,F, Phoenix,US,,,
903,F, Pittsburgh,US,,,
904,F, Podgorica,ME,,,
905,F, Port-au-Prince,HT,,,
906,F, Portland,US,,,
907,F, Portland,US,,,
908,F, Port Louis,MU,,,
909,F, Port Moresby,PG,,,
910,F, Porto Alegre,BR,,,
911,F, Prague,CZ,,,
912,F, Prague,CZ,,,
913,F, Queretaro,MX,,,
914,F, Quito,EC,,,
915,F, Ramallah,PS,,,
916,F, Recife,BR,,,
917,F, Reno,US,,,
918,F, Reykjavik,IS,,,
919,F, Richmond,US,,,
920,F, Richmond,US,,,
921,F, Riga,LV,,,
922,F, Rio de Janeiro,BR,,,
923,F, Riyadh,SA,,,
924,F, Riyadh,SA,,,
925,F, Rome,IT,,,
926,F, Rome,IT,,,
927,F, Sacramento,US,,,
928,F, Sacramento,US,,,
929,F, Saint-Denis,RE,,,
930,F, Saint Petersburg,RU,,,
931,F, Salt Lake City,US,,,
932,F, Salvador,BR,,,
933,F, San Antonio,US,,,
934,F, San Diego,US,,,
935,F, San Francisco,US,,,
936,F, San Francisco,US,,,
937,F, San Jose,CR,,,
938,F, San Juan,PR,,,
939,F, Santiago,CL,,,
940,F, Santiago,CL,,,
941,F, Santo Domingo,DO,,,
942,F, Sao Jose do Rio Preto,BR,,,
943,F, Sao Jose dos Campos,BR,,,
944,F, Sao Paulo,BR,,,
945,F, São Paulo,BR,,,
946,F, Saskatoon,CA,,,
947,F, Seattle,US,,,
948,F, Seoul,KR,,,
949,F, Singapore,SG,,,
950,F, Sint Maarten,SX,,,
951,F, Sioux Falls,US,,,
952,F, Sofia,BG,,,
953,F, Sorocaba,BR,,,
954,F, St. George's,GD,,,
955,F, St. Louis,US,,,
956,F, Stockholm,SE,,,
957,F, Stuttgart,DE,,,
958,F, Sulaymaniyah,IQ,,,
959,F, Surat Thani,TH,,,
960,F, Suva,FJ,,,
961,F, Sydney,AU,,,
962,F, Tahiti,PF,,,
963,F, Taipei,TW,,,
964,F, Taipei,TW,,,
965,F, Tallahassee,US,,,
966,F, Tallinn,EE,,,
967,F, Tampa,US,,,
968,F, Tashkent,UZ,,,
969,F, Tbilisi,GE,,,
970,F, Tegucigalpa,HN,,,
971,F, Tel Aviv,IL,,,
972,F, Tel Aviv,IL,,,
973,F, Thimphu,BT,,,
974,F, Timbo,BR,,,
975,F, Tirana,AL,,,
976,F, Tokyo,JP,,,
977,F, Toronto,CA,,,
978,F, Toronto,CA,,,
979,F, Tunis,TN,,,
980,F, Turin,IT,,,
981,F, Uberlandia,BR,,,
982,F, Ulaanbaatar,MN,,,
983,F, Vancouver,CA,,,
984,F, Vienna,AT,,,
985,F, Vientiane,LA,,,
986,F, Vilnius,LT,,,
987,F, Warsaw,PL,,,
988,F, Warsaw,PL,,,
989,F, Willemstad,CW,,,
990,F, Winnipeg,CA,,,
991,F, Yangon,MM,,,
992,F, Yekaterinburg,RU,,,
993,F, Yerevan,AM,,,
994,F, Yogyakarta,ID,,,
995,F, Yogyakarta,ID,,,
996,F, Zagreb,HR,,,
997,F, Zurich,CH,,,
998,F, Algiers,DZ,,,
999,F, Almaty,KZ,,,
1000,F, Amsterdam,NL,,,
1001,F, Ashburn,US,,,
1002,F, Asuncion,PY,,,
1003,F, Atlanta,US,,,
1004,F, Austin,US,,,
1005,F, Baghdad,IQ,,,
1006,F, Baghdad,IQ,,,
1007,F, Baghdad,IQ,,,
1008,F, Baku,AZ,,,
1009,F, Bangalore,IN,,,
1010,F, Bangkok,TH,,,
1011,F, Bangkok,TH,,,
1012,F, Bangkok,TH,,,
1013,F, Bangkok,TH,,,
1014,F, Bangkok,TH,,,
1015,F, Bangkok,TH,,,
1016,F, Belo Horizonte,BR,,,
1017,F, Belo Horizonte,BR,,,
1018,F, Bogota,CO,,,
1019,F, Brasilia,BR,,,
1020,F, Brasilia,BR,,,
1021,F, Brasilia,BR,,,
1022,F, Buenos Aires,AR,,,
1023,F, Buenos Aires,AR,,,
1024,F, Buenos Aires,AR,,,
1025,F, Buenos Aires,AR,,,
1026,F, Chennai,IN,,,
1027,F, Chicago,US,,,
1028,F, Chicago,US,,,
1029,F, Colombo,LK,,,
1030,F, Colombo,LK,,,
1031,F, Curitiba,BR,,,
1032,F, Dallas,US,,,
1033,F, Denver,US,,,
1034,F, Dhaka,BD,,,
1035,F, Dhaka,BD,,,
1036,F, Dhaka,BD,,,
1037,F, Dhaka,BD,,,
1038,F, Dhaka,BD,,,
1039,F, Doha,QA,,,
1040,F, Dubai,AE,,,
1041,F, Fortaleza,BR,,,
1042,F, Fortaleza,BR,,,
1043,F, Guatemala City,GT,,,
1044,F, Guayaquil,EC,,,
1045,F, Guayaquil,EC,,,
1046,F, Hong Kong,CN,,,
1047,F, Hong Kong,CN,,,
1048,F, Hong Kong,CN,,,
1049,F, Hyderabad,IN,,,
1050,F, Hyderabad,IN,,,
1051,F, Hyderabad,IN,,,
1052,F, Islamabad,PK,,,
1053,F, Istanbul,TR,,,
1054,F, Istanbul,TR,,,
1055,F, Istanbul,TR,,,
1056,F, Istanbul,TR,,,
1057,F, Jakarta,ID,,,
1058,F, Jakarta,ID,,,
1059,F, Johannesburg,ZA,,,
1060,F, Johannesburg,ZA,,,
1061,F, Kansas City,US,,,
1062,F, Kaohsiung City,TW,,,
1063,F, Karachi,PK,,,
1064,F, Karachi,PK,,,
1065,F, Karachi,PK,,,
1066,F, Karachi,PK,,,
1067,F, Kathmandu,NP,,,
1068,F, Kathmandu,NP,,,
1069,F, Kathmandu,NP,,,
1070,F, Kathmandu,NP,,,
1071,F, Kathmandu,NP,,,
1072,F, Kolkata,IN,,,
1073,F, Kuala Lumpur,MY,,,
1074,F, Kuala Lumpur,MY,,,
1075,F, Kuala Lumpur,MY,,,
1076,F, Kuala Lumpur,MY,,,
1077,F, Kuwait City,KW,,,
1078,F, Kuwait City,KW,,,
1079,F, Lagos,NG,,,
1080,F, Lima,PE,,,
1081,F, Lima,PE,,,
1082,F, Lima,PE,,,
1083,F, London,GB,,,
1084,F, London,GB,,,
1085,F, Los Angeles,US,,,
1086,F, Luanda,AO,,,
1087,F, Madrid,ES,,,
1088,F, Male,MV,,,
1089,F, Manama,BH,,,
1090,F, Manila,PH,,,
1091,F, Manila,PH,,,
1092,F, Manila,PH,,,
1093,F, Manila,PH,,,
1094,F, Marseille,FR,,,
1095,F, Miami,US,,,
1096,F, Milan,IT,,,
1097,F, Moscow,RU,,,
1098,F, Mumbai,IN,,,
1099,F, Mumbai,IN,,,
1100,F, Muscat,OM,,,
1101,F, New Delhi,IN,,,
1102,F, New Delhi,IN,,,
1103,F, New Delhi,IN,,,
1104,F, New York,US,,,
1105,F, Nicosia,CY,,,
1106,F, Oran,DZ,,,
1107,F, Osaka,JP,,,
1108,F, Paris,FR,,,
1109,F, Philadelphia,US,,,
1110,F, Phnom Penh,KH,,,
1111,F, Phnom Penh,KH,,,
1112,F, Porto Alegre,BR,,,
1113,F, Porto Alegre,BR,,,
1114,F, Porto Alegre,BR,,,
1115,F, Queretaro,MX,,,
1116,F, Rio de Janeiro,BR,,,
1117,F, Rio de Janeiro,BR,,,
1118,F, Rio de Janeiro,BR,,,
1119,F, Riyadh,SA,,,
1120,F, Riyadh,SA,,,
1121,F, Riyadh,SA,,,
1122,F, San Jose,US,,,
1123,F, San Jose,US,,,
1124,F, San Jose,US,,,
1125,F, San Jose,US,,,
1126,F, Santiago,CL,,,
1127,F, Santiago,CL,,,
1128,F, Santiago,CL,,,
1129,F, Santiago,CL,,,
1130,F, Sao Jose do Rio Preto,BR,,,
1131,F, Sao Paulo,BR,,,
1132,F, Sao Paulo,BR,,,
1133,F, Sao Paulo,BR,,,
1134,F, Sao Paulo,BR,,,
1135,F, Seattle,US,,,
1136,F, Seoul,KR,,,
1137,F, Seoul,KR,,,
1138,F, Singapore,SG,,,
1139,F, Sofia,BG,,,
1140,F, Sofia,BG,,,
1141,F, Sydney,AU,,,
1142,F, Taipei,TW,,,
1143,F, Tbilisi,GE,,,
1144,F, Tel Aviv,IL,,,
1145,F, Tel Aviv,IL,,,
1146,F, Tokyo,JP,,,
1147,F, Tunis,TN,,,
1148,F, Ulaanbaatar,MN,,,
1149,F, Ulaanbaatar,MN,,,
1150,F, Vienna,AT,,,
1151,F, Vilnius,LT,,,
1152,F, Yerevan,AM,,,
1153,F, Yerevan,AM,,,
1154,G, Columbus,US,,,
1155,G, Honolulu,US,,,
1156,G, Naples,IT,,,
1157,G, San Antonio,US,,,
1158,G, Stuttgart,DE,,,
1159,G, Tokyo,JP,,,
1160,H, Aberdeen Proving Ground,US,,,
1161,H, Denver,US,,,
1162,H, Dubai,AE,,,
1163,H, Frankfurt,DE,,,
1164,H, Hong Kong,HK,,,
1165,H, Johannesburg,ZA,,,
1166,H, London,GB,,,
1167,H, Miami,US,,,
1168,H, San Diego,US,,,
1169,H, Sao Paulo,BR,,,
1170,H, Sydney,AU,,,
1171,H, Tokyo,JP,,,
1172,I, Amsterdam,NL,,,
1173,I, Ankara,TR,,,
1174,I, Ashburn,US,,,
1175,I, Asunción,PY,,,
1176,I, Bangkok,TH,,,
1177,I, Beijing,CN,,,
1178,I, Belgrade,RS,,,
1179,I, Berlin,DE,,,
1180,I, Bratislava,SK,,,
1181,I, Brussels,BE,,,
1182,I, Bucharest,RO,,,
1183,I, Buenos Aires,AR,,,
1184,I, Calgary,CA,,,
1185,I, Chicago,US,,,
1186,I, Cochabamba,BO,,,
1187,I, Concepción,CL,,,
1188,I, Denpasar,ID,,,
1189,I, Doha,QA,,,
1190,I, Dubai,AE,,,
1191,I, Florida,US,,,
1192,I, Frankfurt,DE,,,
1193,I, Freemont,US,,,
1194,I, Gothenburg,SE,,,
1195,I, Guatemala City,GT,,,
1196,I, Guayaquil,EC,,,
1197,I, Helsinki,FI,,,
1198,I, Hong Kong,CN,,,
1199,I, Jacksonville,US,,,
1200,I, Jakarta,ID,,,
1201,I, Johannesburg,ZA,,,
1202,I, Kigali,RW,,,
1203,I, Kuala Lumpur,MY,,,
1204,I, Lima,PE,,,
1205,I, Ljubljana,SI,,,
1206,I, London,GB,,,
1207,I, Luleå,SE,,,
1208,I, Luxembourg,LU,,,
1209,I, Malmö,SE,,,
1210,I, Manama,BH,,,
1211,I, Manila,PH,,,
1212,I, Mexico City,MX,,,
1213,I, Miami,US,,,
1214,I, Milan,IT,,,
1215,I, Minneapolis,US,,,
1216,I, Monterrey,MX,,,
1217,I, Montevideo,UY,,,
1218,I, Montreal,CA,,,
1219,I, New Delhi,IN,,,
1220,I, Oslo,NO,,,
1221,I, Palo Alto,US,,,
1222,I, Panama City,PA,,,
1223,I, Paramaribo,SR,,,
1224,I, Paris,FR,,,
1225,I, Perth,AU,,,
1226,I, Phnom Penhs,KH,,,
1227,I, Porto Alegre,BR,,,
1228,I, Port Vila,VU,,,
1229,I, Rabat,MA,,,
1230,I, Reykjavik,IS,,,
1231,I, Riga,LV,,,
1232,I, Riyadh,SA,,,
1233,I, São Paulo,BR,,,
1234,I, Semey,KZ,,,
1235,I, Shenyang,CN,,,
1236,I, Shiraz,IR,,,
1237,I, Singapore,SG,,,
1238,I, Sofia,BG,,,
1239,I, Stockholm,SE,,,
1240,I, Sundsvall,SE,,,
1241,I, Taipei,TW,,,
1242,I, Tallinn,EE,,,
1243,I, Thimphu,BT,,,
1244,I, Tokyo,JP,,,
1245,I, Toronto,CA,,,
1246,I, Ulaanbaatar,MN,,,
1247,I, Vancouver,CA,,,
1248,I, Vienna,AT,,,
1249,I, Vilnius,LT,,,
1250,I, Wellington,NZ,,,
1251,I, Yerevan,AM,,,
1252,I, Yogyakarta,ID,,,
1253,I, Amsterdam,NL,,,
1254,I, Johannesburg,ZA,,,
1255,I, London,GB,,,
1256,I, Malmö,SE,,,
1257,I, Milan,IT,,,
1258,I, Oslo,NO,,,
1259,I, Riga,LV,,,
1260,I, Stockholm,SE,,,
1261,I, Stockholm,SE,,,
1262,I, Stockholm,SE,,,
1263,I, Tokyo,JP,,,
1264,J, Amsterdam,NL,,,
1265,J, Amsterdam,NL,,,
1266,J, Amsterdam,NL,,,
1267,J, Amsterdam,NL,,,
1268,J, Amsterdam,NL,,,
1269,J, Ashburn,US,,,
1270,J, Ashburn,US,,,
1271,J, Ashburn,US,,,
1272,J, Athens,GR,,,
1273,J, Atlanta,US,,,
1274,J, Bangalore,IN,,,
1275,J, Bangkok,TH,,,
1276,J, Bangkok,TH,,,
1277,J, Barcelona,ES,,,
1278,J, Beijing,CN,,,
1279,J, Beirut,LB,,,
1280,J, Belgrade,RS,,,
1281,J, Berlin,DE,,,
1282,J, Berlin,DE,,,
1283,J, Bettembourg,NL,,,
1284,J, Bloomington,NL,,,
1285,J, Bratislava,SK,,,
1286,J, Brisbane,AU,,,
1287,J, Buenos Aires,AR,,,
1288,J, Calgary,CA,,,
1289,J, Cape Town,ZA,,,
1290,J, Chicago,US,,,
1291,J, Chicago,US,,,
1292,J, Chicago,US,,,
1293,J, Chicago,US,,,
1294,J, Chicago,US,,,
1295,J, Chicago,US,,,
1296,J, Climax,NL,,,
1297,J, Colombo,LK,,,
1298,J, Córdoba,NL,,,
1299,J, Dar es Salaam,TZ,,,
1300,J, Denver,US,,,
1301,J, Des Moines,NL,,,
1302,J, Dhaka,BD,,,
1303,J, Djibouti City,NL,,,
1304,J, Dublin,IE,,,
1305,J, Eau Claire,NL,,,
1306,J, Edinburgh,GB,,,
1307,J, Frankfurt,DE,,,
1308,J, Frankfurt,DE,,,
1309,J, Frankfurt,DE,,,
1310,J, Frankfurt,DE,,,
1311,J, Frankfurt,DE,,,
1312,J, Geneva,CH,,,
1313,J, Helsinki,FI,,,
1314,J, Hong Kong,CN,,,
1315,J, Huzhou,NL,,,
1316,J, Jakarta,ID,,,
1317,J, Johannesburg,ZA,,,
1318,J, Juazeirinho,NL,,,
1319,J, Kansas City,US,,,
1320,J, Kiev,UA,,,
1321,J, Kigali City,RW,,,
1322,J, Klagenfurt,AT,,,
1323,J, Kuala Lumpur,MY,,,
1324,J, Kuwait City,KW,,,
1325,J, Lagos,NG,,,
1326,J, Leeds,GB,,,
1327,J, Lima,PE,,,
1328,J, Lisbon,PT,,,
1329,J, Ljubljana,SI,,,
1330,J, London,GB,,,
1331,J, London,GB,,,
1332,J, London,GB,,,
1333,J, London,GB,,,
1334,J, London,GB,,,
1335,J, London,GB,,,
1336,J, London,GB,,,
1337,J, Los Angeles,US,,,
1338,J, Los Angeles,US,,,
1339,J, Los Angeles,US,,,
1340,J, Los Angeles,US,,,
1341,J, Los Angeles,US,,,
1342,J, Luanda,AO,,,
1343,J, Male,MV,,,
1344,J, Manassas,NL,,,
1345,J, Marseille,FR,,,
1346,J, Marseille,FR,,,
1347,J, Melbourne,AU,,,
1348,J, Miami,US,,,
1349,J, Miami,US,,,
1350,J, Milan,IT,,,
1351,J, Moscow,RU,,,
1352,J, Mumbai,IN,,,
1353,J, Mumbai,IN,,,
1354,J, Muscat,OM,,,
1355,J, Nairobi,KE,,,
1356,J, New Delhi,IN,,,
1357,J, New York,US,,,
1358,J, New York,US,,,
1359,J, Oslo,NO,,,
1360,J, Oulu,NL,,,
1361,J, Paris,FR,,,
1362,J, Paris,FR,,,
1363,J, Perth,AU,,,
1364,J, Philadelphia,US,,,
1365,J, Plano,NL,,,
1366,J, Plano,NL,,,
1367,J, Plano,NL,,,
1368,J, Prague,CZ,,,
1369,J, Princes Town,NL,,,
1370,J, Reykjavik,IS,,,
1371,J, Riga,LV,,,
1372,J, Rio de Janeiro,BR,,,
1373,J, Rio de Janeiro,BR,,,
1374,J, RIYADH,SA,,,
1375,J, Saint Petersburg,RU,,,
1376,J, San Francisco,US,,,
1377,J, San Jose,US,,,
1378,J, San Jose,US,,,
1379,J, San Jose,US,,,
1380,J, San Jose,US,,,
1381,J, San Jose,US,,,
1382,J, Santiago,CL,,,
1383,J, Sao Paulo,BR,,,
1384,J, Sao Paulo,BR,,,
1385,J, Seattle,US,,,
1386,J, Seattle,US,,,
1387,J, Seattle,US,,,
1388,J, Seattle,US,,,
1389,J, Seoul,KR,,,
1390,J, Seoul,KR,,,
1391,J, Shanghai,NL,,,
1392,J, Singapore,SG,,,
1393,J, Singapore,SG,,,
1394,J, Singapore,SG,,,
1395,J, Sofia,BG,,,
1396,J, St. George,NL,,,
1397,J, Stockholm,SE,,,
1398,J, Sydney,AU,,,
1399,J, Sydney,AU,,,
1400,J, Tallinn,EE,,,
1401,J, Tampa,US,,,
1402,J, Tel Aviv,IL,,,
1403,J, Tokyo,JP,,,
1404,J, Tokyo,JP,,,
1405,J, Tokyo,JP,,,
1406,J, Turin,IT,,,
1407,J, Vienna,AT,,,
1408,J, Vilnius,LT,,,
1409,J, Warsaw,PL,,,
1410,J, Washington DC,NL,,,
1411,J, Winnipeg,CA,,,
1412,J, Zagreb,HR,,,
1413,J, Zurich,CH,,,
1414,K, Abovyan,AM,,,
1415,K, Amsterdam,NL,,,
1416,K, Ashland,US,,,
1417,K, Athens,GR,,,
1418,K, Auckland,NZ,,,
1419,K, Barcelona,ES,,,
1420,K, Beijing,CN,,,
1421,K, Beirut,LB,,,
1422,K, Belgrade,RS,,,
1423,K, Bend,US,,,
1424,K, Berlin,DE,,,
1425,K, Berlin,DE,,,
1426,K, Bishkek,KG,,,
1427,K, Brisbane,AU,,,
1428,K, Bucharest,RO,,,
1429,K, Budapest,HU,,,
1430,K, Buenos Aires,AR,,,
1431,K, Calgary,CA,,,
1432,K, Chennai,IN,,,
1433,K, Chisinau,MD,,,
1434,K, Columbus,US,,,
1435,K, Cork,IE,,,
1436,K, Delhi,IN,,,
1437,K, Denpasar,ID,,,
1438,K, Doha,QA,,,
1439,K, Dubai,AE,,,
1440,K, Dushanbe,TJ,,,
1441,K, Esfahan,IR,,,
1442,K, Feldkirch,AT,,,
1443,K, Frankfurt,DE,,,
1444,K, Gdynia,PL,,,
1445,K, Geneva,CH,,,
1446,K, Guangzhou,CN,,,
1447,K, GuiYang,CN,,,
1448,K, Hamburg,DE,,,
1449,K, Ha Noi,VN,,,
1450,K, Helsinki,FI,,,
1451,K, Izmir,TR,,,
1452,K, Jakarta,ID,,,
1453,K, Jakarta,ID,,,
1454,K, Johannesburg,ZA,,,
1455,K, Kansas City,US,,,
1456,K, Kansas City,US,,,
1457,K, Karlsruhe,DE,,,
1458,K, Kirchberg,LU,,,
1459,K, Kuwait City,KW,,,
1460,K, Kuwait City,KW,,,
1461,K, London,GB,,,
1462,K, Lugansk,UA,,,
1463,K, Lyon,FR,,,
1464,K, Madrid,ES,,,
1465,K, Madrid,ES,,,
1466,K, Makati,PH,,,
1467,K, Manamah,BH,,,
1468,K," Manama, Seef",BH,,,
1469,K, Maracaibo,VE,,,
1470,K, Mashhad,IR,,,
1471,K, Miami,US,,,
1472,K, Milan,IT,,,
1473,K, Monterrey Nuevo León,MX,,,
1474,K, Montevideo,UY,,,
1475,K, Montreal,CA,,,
1476,K, Moscow,RU,,,
1477,K, Mumbai,IN,,,
1478,K, New Delhi,IN,,,
1479,K, Novosibirsk,RU,,,
1480,K, Nuuk,GL,,,
1481,K, Ottawa,CA,,,
1482,K, Ouagadougou,BF,,,
1483,K, Palermo,IT,,,
1484,K, Palermo,IT,,,
1485,K, Panama City,PA,,,
1486,K, Paris,FR,,,
1487,K, Pavlodar,KZ,,,
1488,K, Phnom Penh,KH,,,
1489,K, Piacenza,IT,,,
1490,K," Ponta Grossa, PR",BR,,,
1491,K, Poznan,PL,,,
1492,K, Prague,CZ,,,
1493,K, Prato,IT,,,
1494,K, Queretaro,MX,,,
1495,K, Reno,US,,,
1496,K, Reykjavik,IS,,,
1497,K, Riga,LV,,,
1498,K, Riyadh,SA,,,
1499,K, Saint Petersburg,RU,,,
1500,K, Salvador,BR,,,
1501,K, Salzburg,AT,,,
1502,K, San Jose,CR,,,
1503,K, San Pedro Sula,HN,,,
1504,K, Santiago,CL,,,
1505,K, Sarajevo,BA,,,
1506,K, Semey,KZ,,,
1507,K, Singapore,SG,,,
1508,K, Skopje,MK,,,
1509,K, Sofia,BG,,,
1510,K, Sofia,BG,,,
1511,K, St. George,US,,,
1512,K, Surabaya,ID,,,
1513,K, Tabriz,IR,,,
1514,K, Taipei,TW,,,
1515,K, Tallinn,EE,,,
1516,K, Tashkent,UZ,,,
1517,K, Tbilisi,GE,,,
1518,K, Tehran,IR,,,
1519,K, Tehran,IR,,,
1520,K, Tehran,IR,,,
1521,K, Thimphu,BT,,,
1522,K, Tokyo,JP,,,
1523,K, Torshavn,FO,,,
1524,K, Vancouver,CA,,,
1525,K, Vienna,AT,,,
1526,K, Vienna,AT,,,
1527,K, Vilnius,LT,,,
1528,K, Warsaw,PL,,,
1529,K, Wien,AT,,,
1530,K, Yangon,MM,,,
1531,K, Yerevan,AM,,,
1532,K, Yogyakarta,ID,,,
1533,K, Zurich,CH,,,
1534,K, Amsterdam,NL,,,
1535,K, Amsterdam,NL,,,
1536,K, Frankfurt,DE,,,
1537,K, Frankfurt,DE,,,
1538,K, London,GB,,,
1539,K, London,GB,,,
1540,K, Miami,US,,,
1541,K, Miami,US,,,
1542,K, Tokyo,JP,,,
1543,K, Tokyo,JP,,,
1544,L, Abidjan,CI,,,
1545,L, Alexandria,AU,,,
1546,L, Amman,JO,,,
1547,L, Anchorage,US,,,
1548,L, Ancona,IT,,,
1549,L, Apia,WS,,,
1550,L, Arlington County,US,,,
1551,L, Asuncion,PY,,,
1552,L, Atlanta,US,,,
1553,L, Baku,AZ,,,
1554,L, Bangalore,IN,,,
1555,L, Bangkok,TH,,,
1556,L, Beijing,CN,,,
1557,L, Beirut,LB,,,
1558,L, Belem,BR,,,
1559,L, Belgrade,RS,,,
1560,L, Belo Horizonte,BR,,,
1561,L, Blantyre,MW,,,
1562,L, Bogota,CO,,,
1563,L, Brasilia,BR,,,
1564,L, Bratislava,SK,,,
1565,L, Brazzaville,CG,,,
1566,L, Brisbane,AU,,,
1567,L, Brussels,BE,,,
1568,L, Cacador,BR,,,
1569,L, Cairo,EG,,,
1570,L, Callao,PE,,,
1571,L, Campinas,BR,,,
1572,L, Cape Town,ZA,,,
1573,L, Carire,BR,,,
1574,L, Carolina,PR,,,
1575,L, Changsha City,CN,,,
1576,L, Chicago,US,,,
1577,L, Chisinau,MD,,,
1578,L, Christchurch,NZ,,,
1579,L, Cochabamba,BO,,,
1580,L, Colombo,LK,,,
1581,L, Curitiba,BR,,,
1582,L, Dakar,SN,,,
1583,L, Dammam,SA,,,
1584,L, Dar es Salaam,TZ,,,
1585,L, Dortmund,DE,,,
1586,L, Dubai,AE,,,
1587,L, Dundee,GB,,,
1588,L, Dusseldorf,DE,,,
1589,L, El Prat de Llobregat,ES,,,
1590,L, Erbil,IQ,,,
1591,L, Ezeiza,AR,,,
1592,L, Florence,IT,,,
1593,L, Florianopolis,BR,,,
1594,L, Fortaleza,BR,,,
1595,L, Geneva,CH,,,
1596,L, Guwahati,IN,,,
1597,L, Hagatna,GU,,,
1598,L, Haikou,CN,,,
1599,L, Hamburg,DE,,,
1600,L, Harare,ZW,,,
1601,L, Helsinki-Vantaa,FI,,,
1602,L, Heraklion,GR,,,
1603,L, Honiara,SB,,,
1604,L, Honolulu,US,,,
1605,L, Incheon,KR,,,
1606,L, Islamabad-Rawalpindi,PK,,,
1607,L, Jaipur,IN,,,
1608,L, Johannesburg,ZA,,,
1609,L, Kalamazoo-Battle Creek,US,,,
1610,L, Kharkiv,UA,,,
1611,L, Kiev,UA,,,
1612,L, Kolonia,FM,,,
1613,L, Koror,PW,,,
1614,L, Kunming City,CN,,,
1615,L, Kuwait City,KW,,,
1616,L, Latina,IT,,,
1617,L, Lawrence,US,,,
1618,L, Leeds-Bradford,GB,,,
1619,L, Londrina,BR,,,
1620,L, Longwood,US,,,
1621,L, Los Angeles,US,,,
1622,L, Lyon,FR,,,
1623,L, Madrid,ES,,,
1624,L, Mahe,SC,,,
1625,L, Majuro,MH,,,
1626,L, Mandalay,MM,,,
1627,L, Mangere,NZ,,,
1628,L, Marseille,FR,,,
1629,L, Mascot,AU,,,
1630,L, Maseru,LS,,,
1631,L, Melbourne,AU,,,
1632,L, Minsk,BY,,,
1633,L, Mohali,IN,,,
1634,L, Monterrey,MX,,,
1635,L, Montevideo,UY,,,
1636,L, Moroni,KM,,,
1637,L, Moscow,RU,,,
1638,L, Mumbai,IN,,,
1639,L, Muscat,OM,,,
1640,L, Nadi,FJ,,,
1641,L, Nairobi,KE,,,
1642,L, Natal,BR,,,
1643,L, New Taipei,TW,,,
1644,L, Noumea,NC,,,
1645,L, Odessa,UA,,,
1646,L, Otopeni,RO,,,
1647,L, Ouagadougou,BF,,,
1648,L, Papeʻete,PF,,,
1649,L, Paris,FR,,,
1650,L, Paris,FR,,,
1651,L, Perth,AU,,,
1652,L, Plaisance,MU,,,
1653,L, Portland,US,,,
1654,L, Port Moresby,PG,,,
1655,L, Porto,PT,,,
1656,L, Porto Alegre,BR,,,
1657,L, Prague,CZ,,,
1658,L, Punta Caucedo,DO,,,
1659,L, Quito,EC,,,
1660,L, Rabat,MA,,,
1661,L, Ramallah,PS,,,
1662,L, Rarotonga,CK,,,
1663,L, Reno,US,,,
1664,L, Reston,US,,,
1665,L, Rio de Janeiro,BR,,,
1666,L, Rostov-on-Don,RU,,,
1667,L, Saint Petersburg,RU,,,
1668,L, Salvador,BR,,,
1669,L, Sana'a,YE,,,
1670,L, San Jose,CR,,,
1671,L, San Jose,US,,,
1672,L, San Miguel de Tucuman,AR,,,
1673,L, San Salvador,SV,,,
1674,L, Santiago,CL,,,
1675,L, Sao Jose dos Campos,BR,,,
1676,L, Sao Paulo,BR,,,
1677,L, Semey,KZ,,,
1678,L, Shanghai,CN,,,
1679,L, Singapore,SG,,,
1680,L, Sofia,BG,,,
1681,L, St Denis,RE,,,
1682,L, Stockholm,SE,,,
1683,L, Suva,FJ,,,
1684,L, Tampere,FI,,,
1685,L, Toronto,CA,,,
1686,L, Uberlandia,BR,,,
1687,L, Vancouver,CA,,,
1688,L, Wilmington,US,,,
1689,L, Winnipeg,CA,,,
1690,L, Wuhan,CN,,,
1691,L, Xining,CN,,,
1692,L, Yangon,MM,,,
1693,L, Yogyakarta,ID,,,
1694,L, Zhengzhou,CN,,,
1695,L, Bangkok,TH,,,
1696,L, Beijing,CN,,,
1697,L, Beijing,CN,,,
1698,L, Beijing,CN,,,
1699,L, Cairo,EG,,,
1700,L, Cairo,EG,,,
1701,L, Cairo,EG,,,
1702,L, Chicago,US,,,
1703,L, Colombo,LK,,,
1704,L, Erbil,IQ,,,
1705,L, Honolulu,US,,,
1706,L, Kunming City,CN,,,
1707,L, Kuwait City,KW,,,
1708,L, Los Angeles,US,,,
1709,L, Los Angeles,US,,,
1710,L, Los Angeles,US,,,
1711,L, Los Angeles,US,,,
1712,L, Los Angeles,US,,,
1713,L, Los Angeles,US,,,
1714,L, Los Angeles,US,,,
1715,L, Los Angeles,US,,,
1716,L, Majuro,MH,,,
1717,L, Mangere,NZ,,,
1718,L, Mascot,AU,,,
1719,L, Melbourne,AU,,,
1720,L, Melbourne,AU,,,
1721,L, Monterrey,MX,,,
1722,L, Monterrey,MX,,,
1723,L, Moscow,RU,,,
1724,L, Moscow,RU,,,
1725,L, Muscat,OM,,,
1726,L, Muscat,OM,,,
1727,L, Nadi,FJ,,,
1728,L, Nairobi,KE,,,
1729,L, Nairobi,KE,,,
1730,L, Nairobi,KE,,,
1731,L, Nairobi,KE,,,
1732,L, Nairobi,KE,,,
1733,L, Nairobi,KE,,,
1734,L, Nairobi,KE,,,
1735,L, Noumea,NC,,,
1736,L, Papeete,PF,,,
1737,L, Porto,PT,,,
1738,L, Prague,CZ,,,
1739,L, Prague,CZ,,,
1740,L, Prague,CZ,,,
1741,L, Prague,CZ,,,
1742,L, Prague,CZ,,,
1743,L, Prague,CZ,,,
1744,L, Prague,CZ,,,
1745,L, Prague,CZ,,,
1746,L, Prague,CZ,,,
1747,L, Prague,CZ,,,
1748,L, Prague,CZ,,,
1749,L, Prague,CZ,,,
1750,L, Prague,CZ,,,
1751,L, Prague,CZ,,,
1752,L, Prague,CZ,,,
1753,L, Prague,CZ,,,
1754,L, Prague,CZ,,,
1755,L, Prague,CZ,,,
1756,L, Prague,CZ,,,
1757,L, Prague,CZ,,,
1758,L, Prague,CZ,,,
1759,L, Prague,CZ,,,
1760,L, Prague,CZ,,,
1761,L, Prague,CZ,,,
1762,L, Prague,CZ,,,
1763,L, Prague,CZ,,,
1764,L, Prague,CZ,,,
1765,L, Prague,CZ,,,
1766,L, Prague,CZ,,,
1767,L, Rarotonga,CK,,,
1768,L, Reston,US,,,
1769,L, Reston,US,,,
1770,L, Reston,US,,,
1771,L, Reston,US,,,
1772,L, Reston,US,,,
1773,L, Reston,US,,,
1774,L, Reston,US,,,
1775,L, Rio de Janeiro,BR,,,
1776,L, Salvador,BR,,,
1777,L, Santiago,CL,,,
1778,L, Singapore,SG,,,
1779,L, Singapore,SG,,,
1780,L, Singapore,SG,,,
1781,L, Singapore,SG,,,
1782,L, Singapore,SG,,,
1783,L, Singapore,SG,,,
1784,L, Singapore,SG,,,
1785,L, Singapore,SG,,,
1786,L, Singapore,SG,,,
1787,L, Singapore,SG,,,
1788,L, Singapore,SG,,,
1789,L, Singapore,SG,,,
1790,L, Singapore,SG,,,
1791,L, Singapore,SG,,,
1792,L, Singapore,SG,,,
1793,L, Singapore,SG,,,
1794,L, Singapore,SG,,,
1795,L, Singapore,SG,,,
1796,L, Singapore,SG,,,
1797,L, Singapore,SG,,,
1798,L, Singapore,SG,,,
1799,L, Singapore,SG,,,
1800,L, Singapore,SG,,,
1801,L, Singapore,SG,,,
1802,L, Singapore,SG,,,
1803,L, Singapore,SG,,,
1804,L, Singapore,SG,,,
1805,L, Singapore,SG,,,
1806,L, Singapore,SG,,,
1807,L, Xining,CN,,,
1808,L, Zhengzhou,CN,,,
1809,L, Abidjan,CI,,,
1810,L, Brazzaville,CD,,,
1811,L, Callao,PE,,,
1812,L, Mumbai,IN,,,
1813,L, New Taipei,TW,,,
1814,L, Ouagadougou,BF,,,
1815,L, Dubai,AE,,,
1816,L,Islamabad-Rawalpindi,PK,,,
1817,L, Ramallah,PS,,,
1818,L, Santiago,CL,,,
1819,L, Santiago,CL,,,
1820,L,Wuhan,CN,,,
1821,M, Bangkok,TH,,,
1822,M, Brisbane,CN,,,
1823,M, Dhaka,BD,,,
1824,M, Guam,GU,,,
1825,M, Hanoi,VN,,,
1826,M, Hong Kong,CN,,,
1827,M, Jakarta,ID,,,
1828,M, Kaohsiung,TW,,,
1829,M, Kathmandu,NP,,,
1830,M, Kuala Lumpur,MY,,,
1831,M, Osaka,JP,,,
1832,M, Paris,FR,,,
1833,M, Phnom Penh,KH,,,
1834,M, San Francisco,US,,,
1835,M, Sao Paulo,BR,,,
1836,M, Seoul,KR,,,
1837,M, Singapore,SG,,,
1838,M, Tokyo,JP,,,
1839,M, Ulaanbaatar,MN,,,
1840,M, Paris,FR,,,
1841,M, San Francisco,US,,,
1842,M, Tokyo,JP,,,
1843,M,Tokyo,JP,,,